"Artikelnummer";"Artikelname";"Interner Schlüssel";"GTIN";"HAN";"Eigene ID";"Kategorie Ebene 1";"Kategorie Ebene 2";"Kategorie Ebene 3";"Kategorie Ebene 4";"Kategorie Ebene 5";"Kategorie Ebene 6";"Kategorie Ebene 7";"Kategorie Ebene 8";"Kategorie Ebene 9";"Kategorie Ebene 10";"URL-Pfad";"Beschreibung";"Title-Tag";"Meta-Description";"Meta-Keywords";
"600380";"Maggi 5 Minuten Terrine Nudeln in Rahmsoße";"306";;;;"06 Essen";"6.3 Fertigessen";;;;;;;;;;;;;;
"600370";"Maggi 5 Minuten Terrine Hühnertopf";"305";;;;"06 Essen";"6.3 Fertigessen";;;;;;;;;;;;;;
"600360";"Maggi 5 Minuten Terrine Spagetti Bolognese";"304";;;;"06 Essen";"6.3 Fertigessen";;;;;;;;;;;;;;
"600350";"Maggi 5 Minuten Terrine Gulaschtopf";"303";;;;"06 Essen";"6.3 Fertigessen";;;;;;;;;;;;;;
"5";"ja! Cashewkerne geröstet & gesalzen 150g";"302";;;;"02 Snacks";"2.2 Snacks Salzig";;;;;;;;;;;;;;
"202040";"REWE Bio Ayran 250ml";"301";;;;"01 Getränke";"1.2 Kaffee & Milchprodukte";;;;;;;;;;;;;;
"102030";"Andechser Natur Bio Kefir 500g";"300";;;;"01 Getränke";"1.2 Kaffee & Milchprodukte";;;;;;;;;;;;;;
"206630";"Kinder Schoko Bon 1 Stk";"293";;;;"02 Snacks";"2.1 Snacks Süß";;;;;;;;;;;;;;
"206620";"REWE Bio Apfelchips 70g";"292";;;;"02 Snacks";"2.1 Snacks Süß";;;;;;;;;;;;;;
"601650";"REWE Bio Quetschie Apfel-Banane-Kirsche 90g";"291";;;;"06 Essen";"6.3 Fertigessen";;;;;;;;;;;;;;
"601600";"REWE Bio Quetschie Apfel-Erdbeer-Heidelbeere 90g";"290";;;;"06 Essen";"6.3 Fertigessen";;;;;;;;;;;;;;
"102020";"Tasse Espresso heiß / Espresso";"289";;;;"01 Getränke";"1.2 Kaffee & Milchprodukte";;;;;;;;;;;;;;
"102010";"Tasse Kaffee heiß / Cafe Crema";"288";;;;"01 Getränke";"1.2 Kaffee & Milchprodukte";;;;;;;;;;;;;;
"300610";"Taschentücherbox";"287";;;;"03 Hygiene";;;;;;;;;;;;;;;
"100520";"Adelholzener Johannisbeere 0,5l";"286";;;;"01 Getränke";"1.1 Softdrinks";;;;;;;;;;;;;;
"206612";"Kinder Happy Hippo 1 Stk";"285";;;;"02 Snacks";"2.1 Snacks Süß";;;;;;;;;;;;;;
"206605";"Em-Eukal verschied. Sorten";"284";;;;"02 Snacks";"2.1 Snacks Süß";;;;;;;;;;;;;;
"605100";"Laugenstange / Tomaten Mozzarella Pesto";"283";;;;"06 Essen";"6.2 Backwaren";;;;;;;;;;;;;;
"100510";"Paulaner Spezi ZERO 0,5l Glas";"282";;;;"01 Getränke";"1.1 Softdrinks";;;;;;;;;;;;;;
"101940";"Sprite 0,5l";"281";;;;"01 Getränke";"1.1 Softdrinks";;;;;;;;;;;;;;
"101930";"Fanta 0,5l";"280";;;;"01 Getränke";"1.1 Softdrinks";;;;;;;;;;;;;;
"101920";"Coca Cola Zero 0,5l";"279";;;;"01 Getränke";"1.1 Softdrinks";;;;;;;;;;;;;;
"101910";"Coca Cola Classic 0,5l";"278";;;;"01 Getränke";"1.1 Softdrinks";;;;;;;;;;;;;;
"603225";"Zutat - Weltmeisterbrötchen";"276";;;;"06 Essen";"6.1 Zutaten";;;;;;;;;;;;;;
"208620";"Kinder Joy";"275";;;;"02 Snacks";"2.1 Snacks Süß";;;;;;;;;;;;;;
"701600";"EIS Yogurette Buttermilch Joghurt & Lemon";"274";;;;"07 Eis";;;;;;;;;;;;;;;
"701500";"EIS Tropical Pirulo";"273";;;;"07 Eis";;;;;;;;;;;;;;;
"701400";"EIS Nogger";"272";;;;"07 Eis";;;;;;;;;;;;;;;
"700110";"EIS Cornetto Erdbeere";"271";;;;"07 Eis";;;;;;;;;;;;;;;
"605000";"Laugenstange / Schinken Käse";"269";;;;"06 Essen";"6.2 Backwaren";;;;;;;;;;;;;;
"204560";"kinder Schokolade 4er";"268";;;;"02 Snacks";"2.1 Snacks Süß";;;;;;;;;;;;;;
"204550";"Yogurette 4er";"267";;;;"02 Snacks";"2.1 Snacks Süß";;;;;;;;;;;;;;
"201010";"Studentenfutter Groß 200g";"266";;;;"02 Snacks";"2.2 Snacks Salzig";;;;;;;;;;;;;;
"206210";"BiFi Classic versch. Sorten";"265";;;;"02 Snacks";"2.2 Snacks Salzig";;;;;;;;;;;;;;
"603220";"Zutat - Schinkenwurst";"263";;;;"06 Essen";"6.1 Zutaten";;;;;;;;;;;;;;
"205222";"Schokoladenhasen am Stiel";"262";;;;"02 Snacks";"2.1 Snacks Süß";;;;;;;;;;;;;;
"205220";"Osterhase";"261";;;;"02 Snacks";"2.1 Snacks Süß";;;;;;;;;;;;;;
"205217";"Ja! Schokokeks Zartbitter 125g";"260";;;;"02 Snacks";"2.1 Snacks Süß";;;;;;;;;;;;;;
"205215";"Ja! Schokokeks Vollmilch 125g";"259";;;;"02 Snacks";"2.1 Snacks Süß";;;;;;;;;;;;;;
"100410";"H-Milch Rewe Bio 1L 3,8%";"258";;;;"01 Getränke";"1.2 Kaffee & Milchprodukte";;;;;;;;;;;;;;
"205210";"Trolli Apfelringe/Glühwürmchen";"257";;;;"02 Snacks";"2.1 Snacks Süß";;;;;;;;;;;;;;
"604110";"Toffifee 125g";"256";;;;"02 Snacks";"2.1 Snacks Süß";;;;;;;;;;;;;;
"604350";"Focaccia Italiana (Käse Ruccola)";"255";;;;"06 Essen";"6.2 Backwaren";;;;;;;;;;;;;;
"603210";"Zutat - Wurst div.";"254";;;;"06 Essen";"6.1 Zutaten";;;;;;;;;;;;;;
"604920";"Wurstsemmel";"253";;;;"06 Essen";"6.2 Backwaren";;;;;;;;;;;;;;
"604910";"Käsesemmel";"252";;;;"06 Essen";"6.2 Backwaren";;;;;;;;;;;;;;
"603382";"Zutat - Butter";"251";;;;"06 Essen";"6.1 Zutaten";;;;;;;;;;;;;;
"603386";"Zutat - Laugenstange";"250";;;;"06 Essen";"6.1 Zutaten";;;;;;;;;;;;;;
"603385";"Zutat - Brötchen";"249";;;;"06 Essen";"6.1 Zutaten";;;;;;;;;;;;;;
"604900";"Hähnchenschnitzelsemmel";"248";;;;"06 Essen";"6.2 Backwaren";;;;;;;;;;;;;;
"603379";"Zutat - Dönerbrot / Fladenbrot";"247";;;;"06 Essen";"6.1 Zutaten";;;;;;;;;;;;;;
"603378";"Zutat - Pesto";"246";;;;"06 Essen";"6.1 Zutaten";;;;;;;;;;;;;;
"603377";"Zutat - Salat";"245";;;;"06 Essen";"6.1 Zutaten";;;;;;;;;;;;;;
"603376";"Zutat - Tomate";"244";;;;"06 Essen";"6.1 Zutaten";;;;;;;;;;;;;;
"603410";"Zutat - Mozzarella";"243";;;;"06 Essen";"6.1 Zutaten";;;;;;;;;;;;;;
"601533";"Knorr Pasta Snack Pot Tomato & Mozzarella 63g";"242";;;;"06 Essen";"6.3 Fertigessen";;;;;;;;;;;;;;
"601535";"Knorr Pasta Snack Pot Mac & Cheese Jalapeno 62g";"241";;;;"06 Essen";"6.3 Fertigessen";;;;;;;;;;;;;;
"601530";"Knorr Pasta Snack Pot Käse & Kräuter 59g";"240";;;;"06 Essen";"6.3 Fertigessen";;;;;;;;;;;;;;
"601520";"Knorr Pasta Snack Pot Bolognese 60g";"239";;;;"06 Essen";"6.3 Fertigessen";;;;;;;;;;;;;;
"601510";"Knorr Asia Noodles Beef Taste 63g";"238";;;;"06 Essen";"6.3 Fertigessen";;;;;;;;;;;;;;
"201620";"tic tac fruity mix 18g";"237";;;;"02 Snacks";"2.1 Snacks Süß";;;;;;;;;;;;;;
"201610";"tic tac citrus mix 18g";"236";;;;"02 Snacks";"2.1 Snacks Süß";;;;;;;;;;;;;;
"208600";"Müsli - Nestle versch. Sorten";"234";;;;"02 Snacks";"2.1 Snacks Süß";;;;;;;;;;;;;;
"207100";"Ritz Cracker";"233";;;;"02 Snacks";"2.2 Snacks Salzig";;;;;;;;;;;;;;
"604800";"Crossaint";"232";;;;"06 Essen";"6.2 Backwaren";;;;;;;;;;;;;;
"603380";"Zutat - Gurke";"231";;;;"06 Essen";"6.1 Zutaten";;;;;;;;;;;;;;
"604700";"Tomaten-Mozzarella Semmel mit Pesto und Balsamico";"230";;;;"06 Essen";"6.2 Backwaren";;;;;;;;;;;;;;
"604600";"Nussschnecke";"229";;;;"06 Essen";"6.2 Backwaren";;;;;;;;;;;;;;
"604500";"Focaccia Vegetale (Gemüse)";"228";;;;"06 Essen";"6.2 Backwaren";;;;;;;;;;;;;;
"604400";"Focaccia Caprese (Mozzarella,Tomaten,Oliven)";"227";;;;"06 Essen";"6.2 Backwaren";;;;;;;;;;;;;;
"604300";"Focaccia Rustica (Schinken Käse)";"226";;;;"06 Essen";"6.2 Backwaren";;;;;;;;;;;;;;
"603130";"Zutat - Frischkäse";"225";;;;"06 Essen";"6.1 Zutaten";;;;;;;;;;;;;;
"604200";"Laugenstange - Frischkäse mit Gurke";"224";;;;"06 Essen";"6.2 Backwaren";;;;;;;;;;;;;;
"208500";"Lebkuchen Herz/Stern/Brez";"223";;;;"02 Snacks";"2.1 Snacks Süß";;;;;;;;;;;;;;
"208400";"Weihnachtsmann";"222";;;;"02 Snacks";"2.1 Snacks Süß";;;;;;;;;;;;;;
"604100";"Krapfen";"221";;;;"06 Essen";"6.2 Backwaren";;;;;;;;;;;;;;
"603120";"Zutat - Toasty Hahnchen Brust Filet";"220";;;;"06 Essen";"6.1 Zutaten";;;;;;;;;;;;;;
"208300";"Lebkuchen Herzen 200g";"219";;;;"02 Snacks";"2.1 Snacks Süß";;;;;;;;;;;;;;
"208200";"Domino Stars";"218";;;;"02 Snacks";"2.1 Snacks Süß";;;;;;;;;;;;;;
"208100";"Gewürz Spekulatius";"217";;;;"02 Snacks";"2.1 Snacks Süß";;;;;;;;;;;;;;
"300150";"Today Tampons 1 Stk";"216";;;;"03 Hygiene";;;;;;;;;;;;;;;
"300250";"Always Damenbinden Größe Maxi 1 Stk.";"215";;;;"03 Hygiene";;;;;;;;;;;;;;;
"301700";"Share Handcreme Mandelöl & Sandelholz 75ml";"214";;;;"03 Hygiene";;;;;;;;;;;;;;;
"301600";"Nivea Handcreme Intensive Pflege 75ml";"213";;;;"03 Hygiene";;;;;;;;;;;;;;;
"301500";"Alviana Handcreme Soft mit Bio-Aloe Vera 75ml";"212";;;;"03 Hygiene";;;;;;;;;;;;;;;
"604010";"Wasa Sandwich Pesto";"211";;;;"06 Essen";"6.3 Fertigessen";;;;;;;;;;;;;;
"101550";"Adelholzener Apfelschorle 0,5l PET";"210";;;;"01 Getränke";"1.1 Softdrinks";;;;;;;;;;;;;;
"208000";"Bounty klein 28,5g";"209";;;;"02 Snacks";"2.1 Snacks Süß";;;;;;;;;;;;;;
"207000";"Erdnuss Locken";"208";;;;"02 Snacks";"2.2 Snacks Salzig";;;;;;;;;;;;;;
"701300";"EIS Snickers Eisriegel";"207";;;;"07 Eis";;;;;;;;;;;;;;;
"701200";"EIS Magnum Double Sunlover";"206";;;;"07 Eis";;;;;;;;;;;;;;;
"401300";"Fächer - verschiedene Farben";"205";;;;"04 Allrounder";;;;;;;;;;;;;;;
"401200";"Ventilator - Rouclo USB Tischventilator";"204";;;;"04 Allrounder";;;;;;;;;;;;;;;
"603560";"Donut";"203";;;;"06 Essen";"6.2 Backwaren";;;;;;;;;;;;;;
"206900";"Nippon 200g";"202";;;;"02 Snacks";"2.1 Snacks Süß";;;;;;;;;;;;;;
"206800";"Lion 42g";"201";;;;"02 Snacks";"2.1 Snacks Süß";;;;;;;;;;;;;;
"603900";"Waffel Lotus Suzy Vanille 28g";"200";;;;"02 Snacks";"2.1 Snacks Süß";;;;;;;;;;;;;;
"201510";"Kaugummi Airwaves Menthol & Eucalyptus";"199";;;;"02 Snacks";"2.1 Snacks Süß";;;;;;;;;;;;;;
"200220";"Pringles Hot & Spicy 40g";"198";;;;"02 Snacks";"2.2 Snacks Salzig";;;;;;;;;;;;;;
"401100";"Kaffee Filter";"197";;;;"04 Allrounder";;;;;;;;;;;;;;;
"10350";"REWE to go Smoothie Cassis Brombeer Apfel 250 ml";"196";;;;"01 Getränke";;;;;;;;;;;;;;;
"100340";"REWE to go Ananas Banane Kokos Smoothie 250 ml";"195";;;;"01 Getränke";;;;;;;;;;;;;;;
"206700";"Reese´s 2 Peanut Butter Cups 39,5g";"194";;;;"02 Snacks";"2.1 Snacks Süß";;;;;;;;;;;;;;
"206600";"KitKat CLASSIC";"193";;;;"02 Snacks";"2.1 Snacks Süß";;;;;;;;;;;;;;
"206500";"Lachgummi 250g";"192";;;;"02 Snacks";"2.1 Snacks Süß";;;;;;;;;;;;;;
"100800";"Capri Sonne 0,2l Jungle Drink";"191";;;;"01 Getränke";"1.1 Softdrinks";;;;;;;;;;;;;;
"603550";"Sandwich-heiß / Hähnchen/Pute+Käse";"190";;;;"06 Essen";"6.2 Backwaren";;;;;;;;;;;;;;
"603110";"Zutat - Hähnchen/Pute";"189";;;;"06 Essen";"6.1 Zutaten";;;;;;;;;;;;;;
"102200";"REWE Smoothie Erdbeer Banane";"188";;;;"01 Getränke";;;;;;;;;;;;;;;
"102100";"REWE Smoothie Apfel Mango Maracuja";"187";;;;"01 Getränke";;;;;;;;;;;;;;;
"603800";"Kinder Pingui";"186";;;;"06 Essen";"6.4 Milchprodukte";;;;;;;;;;;;;;
"603700";"Wasa Sandwich Cheese & French Herbs";"185";;;;"06 Essen";"6.3 Fertigessen";;;;;;;;;;;;;;
"603600";"Wasa Sandwich Cheese Tomato & Basil";"184";;;;"06 Essen";"6.3 Fertigessen";;;;;;;;;;;;;;
"206400";"KuchenMeister Muffin Doubel Choc Vegan 75g";"183";;;;"02 Snacks";"2.1 Snacks Süß";;;;;;;;;;;;;;
"206300";"KuchenMeister Marmor- Kuchen 35g";"182";;;;"02 Snacks";"2.1 Snacks Süß";;;;;;;;;;;;;;
"603500";"Sandwich-heiß / Käse+Käse";"181";;;;"06 Essen";"6.2 Backwaren";;;;;;;;;;;;;;
"603400";"Sandwich-heiß / Schinken+Käse";"180";;;;"06 Essen";"6.2 Backwaren";;;;;;;;;;;;;;
"603300";"Zutat - Schinken";"179";;;;"06 Essen";"6.1 Zutaten";;;;;;;;;;;;;;
"603200";"Zutat - Käse";"178";;;;"06 Essen";"6.1 Zutaten";;;;;;;;;;;;;;
"603100";"Zutat - Sandwich- Toast";"177";;;;"06 Essen";"6.1 Zutaten";;;;;;;;;;;;;;
"206200";"BiFi The Original Carazza";"171";;;;"02 Snacks";"2.2 Snacks Salzig";;;;;;;;;;;;;;
"206100";"Lay´s Red Paprika";"170";;;;"02 Snacks";"2.2 Snacks Salzig";;;;;;;;;;;;;;
"206000";"Lay´s Gesalzen";"169";;;;"02 Snacks";"2.2 Snacks Salzig";;;;;;;;;;;;;;
"205900";"Bounty";"168";;;;"02 Snacks";"2.1 Snacks Süß";;;;;;;;;;;;;;
"401000";"REWE Bio Röstkaffee gemahlen 500g";"167";;;;"04 Allrounder";;;;;;;;;;;;;;;
"205800";"merci Finest Slection Grosse Vielfalt 250g";"166";;;;"02 Snacks";"2.1 Snacks Süß";;;;;;;;;;;;;;
"205700";"Haribo Goldbären 100g";"165";;;;"02 Snacks";"2.1 Snacks Süß";;;;;;;;;;;;;;
"101220";"Weihenstephan Frischer Kakao 0,5 l";"164";;;;"01 Getränke";"1.2 Kaffee & Milchprodukte";;;;;;;;;;;;;;
"205600";"Ballisto Schokoriegel versch. Sorten";"161";;;;"02 Snacks";"2.1 Snacks Süß";;;;;;;;;;;;;;
"205500";"Spekulatius";"160";;;;"02 Snacks";"2.1 Snacks Süß";;;;;;;;;;;;;;
"205300";"dm Vanille Kipferl";"157";;;;"02 Snacks";"2.1 Snacks Süß";;;;;;;;;;;;;;
"600555";"Knorr Asia Noodles vegetable taste vegan 65g";"156";;;;"06 Essen";"6.3 Fertigessen";;;;;;;;;;;;;;
"600552";"Knorr Asia Noodles Chicken 65g";"155";;;;"06 Essen";"6.3 Fertigessen";;;;;;;;;;;;;;
"205200";"Haribo Fruchtgummi Goldbären 175g";"153";;;;"02 Snacks";"2.1 Snacks Süß";;;;;;;;;;;;;;
"205100";"Center Shock alle Geschmäcker";"152";;;;"02 Snacks";"2.1 Snacks Süß";;;;;;;;;;;;;;
"205000";"Griesson Chocolate Mountain Cookies";"151";;;;"02 Snacks";"2.1 Snacks Süß";;;;;;;;;;;;;;
"204900";"IBIS Original französische Schokobrötchen";"150";;;;"02 Snacks";"2.1 Snacks Süß";;;;;;;;;;;;;;
"101900";"Adelholzener Classic 0,5l PET";"149";;;;"01 Getränke";"1.1 Softdrinks";;;;;;;;;;;;;;
"204800";"Milchschnitte 28g";"148";;;;"06 Essen";"6.4 Milchprodukte";;;;;;;;;;;;;;
"204700";"Kuchenmeister Puks Dessertkuchen 62g";"147";;;;"02 Snacks";"2.1 Snacks Süß";;;;;;;;;;;;;;
"204600";"M&M Crispy 36g";"146";;;;"02 Snacks";"2.1 Snacks Süß";;;;;;;;;;;;;;
"601400";"Berchtesgadener Land Frucht Knusper Erdbeere";"144";;;;"06 Essen";"6.4 Milchprodukte";;;;;;;;;;;;;;
"601300";"Berchtesgadener Land Vanille Knusper";"143";;;;"06 Essen";"6.4 Milchprodukte";;;;;;;;;;;;;;
"101700";"Adelholzener sanft 0,5l PET";"142";;;;"01 Getränke";"1.1 Softdrinks";;;;;;;;;;;;;;
"101210";"Kaffeegetränk Espresso";"141";;;;"01 Getränke";"1.2 Kaffee & Milchprodukte";;;;;;;;;;;;;;
"701100";"EIS  Ice Pops 1 Stück";"140";;;;"07 Eis";;;;;;;;;;;;;;;
"101500";"Adelholzener Multivitamin 0,5l";"139";;;;"01 Getränke";"1.1 Softdrinks";;;;;;;;;;;;;;
"101400";"Adelholzener Mango 0,5l";"138";;;;"01 Getränke";"1.1 Softdrinks";;;;;;;;;;;;;;
"101300";"Adelholzener Lemon 0,5l";"137";;;;"01 Getränke";"1.1 Softdrinks";;;;;;;;;;;;;;
"101200";"Kaffeegetränk Latte Macchiato";"136";;;;"01 Getränke";"1.2 Kaffee & Milchprodukte";;;;;;;;;;;;;;
"101100";"Kaffeegetränk Cappuccino";"135";;;;"01 Getränke";"1.2 Kaffee & Milchprodukte";;;;;;;;;;;;;;
"301400";"Balea Wasserspray Aqua, 150 ml";"133";;;;"03 Hygiene";;;;;;;;;;;;;;;
"301300";"o.b. Tampons Pro Comfort Super, 1 PG";"132";;;;"03 Hygiene";;;;;;;;;;;;;;;
"301200";"Balea Deospray Sensitiv, 200ml";"131";;;;"03 Hygiene";;;;;;;;;;;;;;;
"301100";"Balea MEN Antitranspirent Deospray extra dry 200ml";"130";;;;"03 Hygiene";;;;;;;;;;;;;;;
"204500";"Leibniz MINI Choco Keks 125g";"126";;;;"02 Snacks";"2.1 Snacks Süß";;;;;;;;;;;;;;
"204400";"Ja! Salzstangen mit Meersalz 250g";"125";;;;"02 Snacks";"2.2 Snacks Salzig";;;;;;;;;;;;;;
"701000";"EIS Split Cuja Maja / Fruit Surfer";"124";;;;"07 Eis";;;;;;;;;;;;;;;
"700900";"EIS Flutschfinger";"123";;;;"07 Eis";;;;;;;;;;;;;;;
"700800";"EIS Big Sandwich Schöller";"122";;;;"07 Eis";;;;;;;;;;;;;;;
"700700";"EIS Magnum Mandel Almond";"121";;;;"07 Eis";;;;;;;;;;;;;;;
"700600";"EIS Magnum Classic";"120";;;;"07 Eis";;;;;;;;;;;;;;;
"700500";"EIS Kaktus";"119";;;;"07 Eis";;;;;;;;;;;;;;;
"700400";"EIS Eiskonfekt";"118";;;;"07 Eis";;;;;;;;;;;;;;;
"700300";"EIS ja! Sandwich Eis Classic 8x90ml";"117";;;;"07 Eis";;;;;;;;;;;;;;;
"700200";"EIS Cola&Eis Calippo";"116";;;;"07 Eis";;;;;;;;;;;;;;;
"700100";"EIS Capri";"115";;;;"07 Eis";;;;;;;;;;;;;;;
"700000";"EIS Cornetto Classico";"114";;;;"07 Eis";;;;;;;;;;;;;;;
"601200";"Exquisa Käsekuchen Snack";"113";;;;"06 Essen";"6.4 Milchprodukte";;;;;;;;;;;;;;
"601100";"Käselaugenstange";"112";;;;"06 Essen";;;;;;;;;;;;;;;
"100900";"Capri Sonne 0,2l Monster Alarm";"111";;;;"01 Getränke";"1.1 Softdrinks";;;;;;;;;;;;;;
"601000";"Käsebrezen mit Schinken";"110";;;;"06 Essen";"6.2 Backwaren";;;;;;;;;;;;;;
"600900";"Butterlaugenstange";"109";;;;"06 Essen";"6.2 Backwaren";;;;;;;;;;;;;;
"200510";"NicNac's 35g";"108";;;;"02 Snacks";"2.2 Snacks Salzig";;;;;;;;;;;;;;
"400700";"Ja! Servietten 100 Stück";"107";;;;"04 Allrounder";;;;;;;;;;;;;;;
"204300";"Nutella Sticks";"106";;;;"02 Snacks";"2.1 Snacks Süß";;;;;;;;;;;;;;
"204200";"Prinzen Rolle Doppelkeks Minis";"105";;;;"02 Snacks";"2.1 Snacks Süß";;;;;;;;;;;;;;
"200210";"Pringles Sour Cream & Onion 40g";"104";;;;"02 Snacks";"2.2 Snacks Salzig";;;;;;;;;;;;;;
"204000";"Katjes Peace & Love vegan 200 g";"102";;;;"02 Snacks";"2.1 Snacks Süß";;;;;;;;;;;;;;
"100700";"Capri Sonne 0,2l Safari Fruits";"101";;;;"01 Getränke";"1.1 Softdrinks";;;;;;;;;;;;;;
"203900";"M&M Peanut 45g";"99";;;;"02 Snacks";"2.1 Snacks Süß";;;;;;;;;;;;;;
"400600";"Löffel";"98";;;;"04 Allrounder";;;;;;;;;;;;;;;
"203800";"Chupa Chups Lutscher";"97";;;;"02 Snacks";"2.1 Snacks Süß";;;;;;;;;;;;;;
"203600";"kinder Country";"96";;;;"02 Snacks";"2.1 Snacks Süß";;;;;;;;;;;;;;
"203500";"PiCK UP! Original";"95";;;;"02 Snacks";"2.1 Snacks Süß";;;;;;;;;;;;;;
"203400";"kinder Bueno";"94";;;;"02 Snacks";"2.1 Snacks Süß";;;;;;;;;;;;;;
"101015";"Haferdrink Oatly 0,5L";"91";;;;"01 Getränke";"1.2 Kaffee & Milchprodukte";;;;;;;;;;;;;;
"203300";"kinder Riegel";"90";;;;"02 Snacks";"2.1 Snacks Süß";;;;;;;;;;;;;;
"203200";"Giotto Haselnuß 38,7g";"89";;;;"02 Snacks";"2.1 Snacks Süß";;;;;;;;;;;;;;
"203100";"Bahlsen Chokini";"88";;;;"02 Snacks";"2.1 Snacks Süß";;;;;;;;;;;;;;
"100320";"Capri Sonne 0,2l Orange";"87";;;;"01 Getränke";"1.1 Softdrinks";;;;;;;;;;;;;;
"100310";"Capri Sonne 0,2l Kirsch";"86";;;;"01 Getränke";"1.1 Softdrinks";;;;;;;;;;;;;;
"203700";"REWE Bio Reiswaffeln Zartbitter 100g";"85";;;;"02 Snacks";"2.1 Snacks Süß";;;;;;;;;;;;;;
"400400";"Tee Meßmer Wintertraum Zimtstern-Orange";"84";;;;"04 Allrounder";;;;;;;;;;;;;;;
"600500";"Erasco Heisse Tasse Tomatencreme 150ml";"83";;;;"06 Essen";;;;;;;;;;;;;;;
"300500";"Impresan Handdesinfektionsgel, Reisegröße, 50 ml";"82";;;;"03 Hygiene";;;;;;;;;;;;;;;
"300900";"Balea Handcreme Sensitive, 100 ml";"81";;;;"03 Hygiene";;;;;;;;;;;;;;;
"300800";"Balea Deo Roll-on Sensitive, 50 ml";"80";;;;"03 Hygiene";;;;;;;;;;;;;;;
"202900";"Ricola Original Kräuter 50g";"79";;;;"02 Snacks";;;;;;;;;;;;;;;
"300600";"Tempo Taschentücher";"78";;;;"03 Hygiene";;;;;;;;;;;;;;;
"202800";"Ricola Holunderblüten 50g";"77";;;;"02 Snacks";;;;;;;;;;;;;;;
"202600";"Leibniz Butterkeks Choco Vollmilch 125g";"76";;;;"02 Snacks";"2.1 Snacks Süß";;;;;;;;;;;;;;
"201300";"hanuta Haselnuss-Schnitten";"75";;;;"02 Snacks";"2.1 Snacks Süß";;;;;;;;;;;;;;
"201000";"Studentenfutter 50g";"74";;;;"02 Snacks";"2.2 Snacks Salzig";;;;;;;;;;;;;;
"600400";"Maggi 5 Minuten Terine Spaghetti in Tomaten Sauce 55g";"73";;;;"06 Essen";"6.3 Fertigessen";;;;;;;;;;;;;;
"600300";"Maggi 5 Minuten Terrine Nudeln in Tomaten-Mozzarella Sauce 55g";"72";;;;"06 Essen";"6.3 Fertigessen";;;;;;;;;;;;;;
"203000";"Oreo Cookies Original 154g";"71";;;;"02 Snacks";"2.1 Snacks Süß";;;;;;;;;;;;;;
"600200";"Bio Joghurt verschiedene Sorten 150g";"70";;;;"06 Essen";"6.4 Milchprodukte";;;;;;;;;;;;;;
"301000";"Balea MED Handcreme hautneutral mit Allantoin, 100 ml";"69";;;;"03 Hygiene";;;;;;;;;;;;;;;
"400300";"Tee Meßmer Himmelszauber Winterpunsch-Mandel";"68";;;;"04 Allrounder";;;;;;;;;;;;;;;
"300100";"JessaTampons 1 PG";"67";;;;"03 Hygiene";;;;;;;;;;;;;;;
"300700";"Balea MEN Antitranspirant Deo Roll-on fresh, 50 ml";"66";;;;"03 Hygiene";;;;;;;;;;;;;;;
"300400";"Denk mit - Desinfektionsmittel klein 100 ml";"62";;;;"03 Hygiene";;;;;;;;;;;;;;;
"300300";"Labello Lippenpflege Original, 4,8 g";"61";;;;"03 Hygiene";;;;;;;;;;;;;;;
"601222";"Bio Joghurt mild 150g";"60";;;;"06 Essen";"6.4 Milchprodukte";;;;;;;;;;;;;;
"600600";"MyMüsli - alle Sorten";"59";;;;"06 Essen";"6.3 Fertigessen";;;;;;;;;;;;;;
"600700";"Maggi 5 Minuten Terine Kartoffelpüre mit Erbsen und Möhren";"58";;;;"06 Essen";"6.3 Fertigessen";;;;;;;;;;;;;;
"600800";"Maggi 5 Minuten Terine Nudeln mit Waldpilz";"57";;;;"06 Essen";"6.3 Fertigessen";;;;;;;;;;;;;;
"202210";"Tuc Cracker Original 100g";"54";;;;"02 Snacks";"2.2 Snacks Salzig";;;;;;;;;;;;;;
"202500";"Leibniz Butterkeks Choco Edelherb 125g";"53";;;;"02 Snacks";"2.1 Snacks Süß";;;;;;;;;;;;;;
"202400";"Ritter Sport Mini";"52";;;;"02 Snacks";;;;;;;;;;;;;;;
"202300";"Dextro Energy Würfel Zitrone";"51";;;;"02 Snacks";"2.1 Snacks Süß";;;;;;;;;;;;;;
"202200";"REWE Bio Reiswaffeln glutenfrei 100g";"49";;;;"02 Snacks";"2.2 Snacks Salzig";;;;;;;;;;;;;;
"201900";"Corny Riegel Schoko 25g";"48";;;;"02 Snacks";"2.1 Snacks Süß";;;;;;;;;;;;;;
"300200";"Jessa Maxi-Binden Classic Lang,1 St.";"46";;;;"03 Hygiene";;;;;;;;;;;;;;;
"500300";"Apfel";"45";;;;"05 Obst";;;;;;;;;;;;;;;
"500200";"Banane";"44";;;;"05 Obst";;;;;;;;;;;;;;;
"500100";"Birnen";"43";;;;"05 Obst";;;;;;;;;;;;;;;
"400200";"Tee Meßmer Türkischer Apfel-Feige";"42";;;;"04 Allrounder";;;;;;;;;;;;;;;
"400800";"Ja! Butterbrot Tüten 100 Stück";"41";;;;"04 Allrounder";;;;;;;;;;;;;;;
"400500";"Brillenputzücher 2 Stk";"40";;;;"04 Allrounder";;;;;;;;;;;;;;;
"400100";"Ohropax Ohrstöpsel Color, 8 St";"39";;;;"04 Allrounder";;;;;;;;;;;;;;;
"202100";"Corny Free Müsliriegel Weiße Schokolade 20g";"33";;;;"02 Snacks";"2.1 Snacks Süß";;;;;;;;;;;;;;
"202000";"Corny Schoko-Banane 25g";"32";;;;"02 Snacks";"2.1 Snacks Süß";;;;;;;;;;;;;;
"201500";"Kaugummi Airwaves Cool Cassis";"31";;;;"02 Snacks";"2.1 Snacks Süß";;;;;;;;;;;;;;
"201700";"tic tac fresh orange 18g";"28";;;;"02 Snacks";"2.1 Snacks Süß";;;;;;;;;;;;;;
"201600";"tic tac fresh mint 18g";"27";;;;"02 Snacks";"2.1 Snacks Süß";;;;;;;;;;;;;;
"201100";"Duplo,20g";"25";;;;"02 Snacks";"2.1 Snacks Süß";;;;;;;;;;;;;;
"201200";"Erdnüsse geröstet & gesalzen 50g";"24";;;;"02 Snacks";"2.2 Snacks Salzig";;;;;;;;;;;;;;
"200800";"Knoppers";"22";;;;"02 Snacks";"2.1 Snacks Süß";;;;;;;;;;;;;;
"200900";"Twix Schokoriegel 50g";"20";;;;"02 Snacks";"2.1 Snacks Süß";;;;;;;;;;;;;;
"200600";"Snickers 50g";"19";;;;"02 Snacks";"2.1 Snacks Süß";;;;;;;;;;;;;;
"200700";"Mars Schokoriegel 45g";"18";;;;"02 Snacks";"2.1 Snacks Süß";;;;;;;;;;;;;;
"200400";"Haribo Goldbären 75g";"17";;;;"02 Snacks";"2.1 Snacks Süß";;;;;;;;;;;;;;
"200200";"Pringles Orginal 40g";"12";;;;"02 Snacks";"2.2 Snacks Salzig";;;;;;;;;;;;;;
"200100";"funny-frisch Chipsfrisch ungarisch 40g";"9";;;;"02 Snacks";;;;;;;;;;;;;;;
"100500";"Paulaner Spezi 0,5l";"8";;;;"01 Getränke";"1.1 Softdrinks";;;;;;;;;;;;;;
"101010";"H-Milch 0,5l Weihenstephan";"7";;;;"01 Getränke";"1.2 Kaffee & Milchprodukte";;;;;;;;;;;;;;
"100300";"Capri Sonne 0,2l Multivitamin";"3";;;;"01 Getränke";"1.1 Softdrinks";;;;;;;;;;;;;;
"100200";"fuzetea Schwarzer Tee Zitrone 400ml";"2";;;;"01 Getränke";"1.1 Softdrinks";;;;;;;;;;;;;;
"100100";"fuzetea Schwarzer Tee Pfirsich 400ml";"1";;;;"01 Getränke";"1.1 Softdrinks";;;;;;;;;;;;;;
